code,case,ky_code,ky_gx,t_end,gamma_code,omega_code,drift,settled,gamma_gx,omega_gx,gamma_crosscheck_code,wall_s,np,rc
gs2,KBMB_gs2_M_ky0.10_e2,0.14142,0.1000,100.0,0.136924,0.255520,-4.76e-05,yes,0.193640,0.361359,0.136925,403.1,4,0
gs2,KBMB_gs2_M_ky0.10_e3,0.14142,0.1000,100.0,0.178305,0.284066,+9.74e-07,yes,0.252162,0.401729,0.178305,960.7,4,0
gs2,KBMB_gs2_M_ky0.10_e4,0.14142,0.1000,100.0,0.190799,0.301374,-3.14e-07,yes,0.269831,0.426207,0.190799,3107.7,4,0
gs2,KBMB_gs2_M_ky0.10_e4v,0.14142,0.1000,100.0,0.178108,0.283919,+6.86e-07,yes,0.251883,0.401522,0.178108,1238.6,4,0
gs2,KBMB_gs2_M_ky0.30_e2,0.42426,0.3000,100.0,0.252896,0.685141,+1.80e-07,yes,0.357648,0.968936,0.252896,188.9,4,0
gs2,KBMB_gs2_M_ky0.30_e3,0.42426,0.3000,100.0,0.272577,0.665857,+4.26e-08,yes,0.385483,0.941663,0.272577,639.4,4,0
gs2,KBMB_gs2_M_ky0.30_e4,0.42426,0.3000,100.0,0.275644,0.669948,-5.33e-09,yes,0.389819,0.947450,0.275644,3550.0,4,0
gs2,KBMB_gs2_M_ky0.30_e4v,0.42426,0.3000,100.0,0.273219,0.665437,+4.18e-08,yes,0.386391,0.941069,0.273219,1542.3,4,0
gs2,KBMB_gs2_M_ky0.30_e4v_bd0,,,,,,,error:IndexError,,,,nan,nan,running
gs2,KBMB_gs2_M_ky0.50_e2,0.70711,0.5000,100.0,0.133411,1.052777,-1.60e-03,yes,0.188672,1.488851,0.133424,93.5,4,0
gs2,KBMB_gs2_M_ky0.50_e3,0.70711,0.5000,100.0,0.138322,1.011518,+6.01e-04,yes,0.195617,1.430502,0.138322,588.0,4,0
gs2,KBMB_gs2_M_ky0.50_e4,0.70711,0.5000,100.0,0.139707,1.016257,-5.02e-06,yes,0.197576,1.437204,0.139706,3133.3,4,0
gs2,KBMB_gs2_M_ky0.50_e4v,0.70711,0.5000,100.0,0.138788,1.012990,+5.30e-04,yes,0.196275,1.432584,0.138790,1275.8,4,0
gs2,KBM_gs2_M_ky0.10_e2,0.14142,0.1000,100.0,0.055204,0.245842,-9.61e-03,yes,0.078071,0.347673,0.055878,210.6,4,0
gs2,KBM_gs2_M_ky0.10_e3,0.14142,0.1000,100.0,0.095199,0.288052,+9.67e-05,yes,0.134632,0.407367,0.095200,711.0,4,0
gs2,KBM_gs2_M_ky0.10_e4,0.14142,0.1000,100.0,0.104746,0.311630,+4.29e-05,yes,0.148133,0.440712,0.104745,2512.0,4,0
gs2,KBM_gs2_M_ky0.10_e4_bd0,0.14142,0.1000,34.5,0.145768,0.359883,-1.15e-01,no,0.206146,0.508952,0.155415,nan,nan,running
gs2,KBM_gs2_M_ky0.10_e4v,0.14142,0.1000,100.0,0.093949,0.287637,+3.49e-05,yes,0.132864,0.406779,0.093950,927.6,4,0
gs2,KBM_gs2_M_ky0.30_e2,0.42426,0.3000,100.0,0.185153,0.730871,-2.03e-05,yes,0.261846,1.033608,0.185153,219.3,4,0
gs2,KBM_gs2_M_ky0.30_e3,0.42426,0.3000,100.0,0.207338,0.703462,-1.85e-06,yes,0.293220,0.994845,0.207338,1019.1,4,0
gs2,KBM_gs2_M_ky0.30_e4,0.42426,0.3000,100.0,0.210737,0.707339,-3.91e-07,yes,0.298028,1.000328,0.210737,3728.6,4,0
gs2,KBM_gs2_M_ky0.30_e4_bd0,0.42426,0.3000,100.0,0.222433,0.719475,-3.23e-07,yes,0.314567,1.017491,0.222433,2181.1,4,0
gs2,KBM_gs2_M_ky0.30_e4v,0.42426,0.3000,100.0,0.207815,0.702376,-1.70e-06,yes,0.293895,0.993310,0.207815,884.8,4,0
gs2,KBM_gs2_M_ky0.30_e4v_bd0,0.42426,0.3000,100.0,0.223387,0.718576,-1.02e-06,yes,0.315918,1.016220,0.223387,632.3,4,0
gs2,KBM_gs2_M_ky0.30_e4v_th96,0.42426,0.3000,87.0,0.213884,0.712130,-2.42e-06,yes,0.302478,1.007104,0.213884,nan,nan,running
gs2,KBM_gs2_M_ky0.50_e2,0.70711,0.5000,100.0,0.099655,1.107806,+2.06e-03,yes,0.140934,1.566674,0.099763,232.8,4,0
gs2,KBM_gs2_M_ky0.50_e3,0.70711,0.5000,100.0,0.101808,1.063229,-1.99e-03,yes,0.143978,1.503633,0.101671,838.2,4,0
gs2,KBM_gs2_M_ky0.50_e4,0.70711,0.5000,100.0,0.103323,1.066872,+2.32e-04,yes,0.146121,1.508784,0.103409,2982.8,4,0
gs2,KBM_gs2_M_ky0.50_e4_bd0,,,,,,,error:IndexError,,,,nan,nan,running
gs2,KBM_gs2_M_ky0.50_e4v,0.70711,0.5000,100.0,0.102330,1.063562,-1.61e-03,yes,0.144716,1.504103,0.102171,1508.9,4,0
stella,KBMB_stella_M_ky0.30_v1,0.42426,0.3000,84.8,1.055915,0.216055,+9.29e-04,yes,1.493290,0.305549,1.060602,1335.7,4,0
stella,KBMB_stella_M_ky0.30_v2,0.42426,0.3000,84.8,1.055514,0.215637,+9.06e-04,yes,1.492722,0.304957,1.060192,3970.3,4,0
stella,KBM_stella_M_ky0.30_v1,0.42426,0.3000,84.8,1.018444,0.231588,+8.50e-04,yes,1.440297,0.327515,1.023380,1125.4,4,0
stella,KBM_stella_M_ky0.30_v1dt,0.42426,0.3000,30.0,1.010160,0.230804,+4.69e-03,yes,1.428583,0.326406,1.018604,5140.5,4,0
stella,KBM_stella_M_ky0.30_v2,0.42426,0.3000,84.8,1.018149,0.231102,+8.25e-04,yes,1.439880,0.326827,1.023073,4423.5,4,0
