case,ky,gamma_reference,gamma_gkx,gamma_relative_difference,omega_reference,omega_gkx,omega_relative_difference,gamma_half_time_shift,omega_half_time_shift,converged
cyclone_salpha_itg,0.05000000074505806,0.009752737358212471,0.009309288577528186,-0.045469160544026256,0.03656241396332488,0.03602613618719156,-0.014667460870369497,0.11005060611436264,0.1383742879052188,False
cyclone_salpha_itg,0.10000000149011612,0.030460807659170207,0.030635451270665692,0.005733387421948692,0.07986773988779854,0.08003538735842479,0.002099063662772619,-0.04354627393407997,0.005966803484733222,True
cyclone_salpha_itg,0.15000000596046448,0.05496720991590444,0.05488795530710376,-0.0014418524957321057,0.1268420622629278,0.12682928801234758,-0.00010070989348735901,-0.0018136911906567513,-0.0004797500828195093,True
cyclone_salpha_itg,0.20000000298023224,0.07501349510515437,0.07503191358739641,0.0002455355828471261,0.1778794360511443,0.17790015744223525,0.00011649121197450206,0.001084539819162205,-0.0003220652297425934,True
cyclone_salpha_itg,0.25,0.08843418342225692,0.08840632812855465,-0.0003149833313807414,0.23042484854950623,0.23041094217164051,-6.035103398464927e-05,0.00021274237401086658,-8.704303396956909e-05,True
cyclone_salpha_itg,0.30000001192092896,0.09302656746962491,0.09304484383977984,0.0001964639849890164,0.28199900949702544,0.2820208078331837,7.729933589876532e-05,3.0202724604749453e-05,-6.411623529617521e-05,True
cyclone_salpha_itg,0.3499999940395355,0.08987026486326666,0.08985312979109639,-0.0001906645339962157,0.3307999460136189,0.3307381035423703,-0.0001869482507292438,0.0005153316406881022,-3.8789655462002116e-05,True
cyclone_salpha_itg,0.4000000059604645,0.08090955588747473,0.0808065042425676,-0.0012736646960519727,0.3749198299996993,0.374968865645276,0.00013078968262819708,0.0012727058855640642,6.64348386307706e-05,True
cyclone_salpha_itg,0.45000001788139343,0.06846924389109892,0.06860508062907547,0.0019839088363909053,0.41537651770255146,0.415491376501616,0.00027651731421847464,-0.0030988536105971604,0.00023232733726860714,True
cyclone_salpha_itg,0.5,0.054081501548781115,0.05419552458434866,0.0021083555800442927,0.4559247704113231,0.4556150176365305,-0.0006793944854392639,-0.011030083634923674,-0.000946992651352558,True
cyclone_salpha_itg,0.550000011920929,0.03448259786647909,0.034520991134793955,0.0011134099717060623,0.4983612158719231,0.49866780096581675,0.0006151865035429084,-0.045560025717638765,-0.0036515854432217026,True
cyclone_miller_itg,0.05000000074505806,0.012326581941610112,0.012035355980355855,-0.02362584880656846,0.02852546870346787,0.028175457794203034,-0.012270119481762756,0.02350501625982649,0.13940435998112255,True
cyclone_miller_itg,0.10000000149011612,0.03264878140491189,0.03293697297395671,0.008827023755363223,0.058446581231303585,0.058676562591310114,0.003934898417691406,-0.006541550234069081,0.01700169244373838,True
cyclone_miller_itg,0.15000000596046448,0.058397779639050795,0.05836878321153761,-0.0004965330478729009,0.09182113665834214,0.09183882744298888,0.0001926657117365361,-0.006080117568139554,-0.003552250354183399,True
cyclone_miller_itg,0.20000000298023224,0.0848520639741305,0.08483831484795074,-0.00016203643772248397,0.12954627780370342,0.12954521803049196,-8.180653504152473e-06,0.00063807760465246,6.118324144087534e-05,True
cyclone_miller_itg,0.25,0.10799054844865522,0.10798722026579315,-3.081920510526901e-05,0.17118204291005737,0.17117585358491325,-3.615639256844029e-05,0.00010576011793880567,-2.360673633739656e-05,True
cyclone_miller_itg,0.30000001192092896,0.1258519041596107,0.12585537736869276,2.7597588651945917e-05,0.2154679835855382,0.21547626057960723,3.841403224408595e-05,0.00011419768156994117,-2.166899051637955e-05,True
cyclone_miller_itg,0.3499999940395355,0.13766115665146447,0.1376446022737715,-0.00012025453000424202,0.2610161939581621,0.26101378783425316,-9.21829359497397e-06,3.456391612978819e-05,-7.337463691795766e-06,True
cyclone_miller_itg,0.4000000059604645,0.1431214747932351,0.14311339812529916,-5.64322576160758e-05,0.30669503405834864,0.3066901437583165,-1.594515557501669e-05,9.980636860217697e-06,2.025946768150717e-07,True
cyclone_miller_itg,0.45000001788139343,0.14253195910488517,0.14250840525132866,-0.00016525313834478438,0.3513879598055071,0.3513925808817477,1.3150923677536165e-05,4.14093691413424e-06,4.929543720546307e-06,True
cyclone_miller_itg,0.5,0.136411916790078,0.13642742164611313,0.00011366203481321466,0.39398809240281,0.3939954487994755,1.867162182650696e-05,9.565527662063244e-06,-2.8191300387471844e-06,True
cyclone_miller_itg,0.550000011920929,0.12591721580445187,0.1259248994620082,6.1021501366865644e-05,0.4336411209361067,0.43362887313326015,-2.8244099222169644e-05,7.63051996012593e-06,-1.2773339542026746e-05,True
cyclone_miller_itg,0.6000000238418579,0.11267800466383546,0.11266294415035255,-0.000133659745997792,0.4697972501365884,0.4697828168546348,-3.072236363540053e-05,-5.992329579524849e-06,-2.841602140333987e-05,True
cyclone_miller_itg,0.6500000357627869,0.09850990877134129,0.09846931548332766,-0.0004120731459396271,0.5029714269545472,0.5029852334271827,2.744981503042531e-05,9.492435461460014e-05,-1.0426308187030181e-05,True
cyclone_miller_itg,0.699999988079071,0.08448605890412933,0.08450378233049106,0.0002097793007701606,0.5343565787505178,0.534381566715019,4.676271518853975e-05,-5.4982840214511854e-05,-3.2206230645113414e-06,True
cyclone_miller_itg,0.75,0.07069670170256236,0.06999548557449094,-0.009918654069911213,0.5653976864606431,0.5653928917771173,-8.480196577901899e-06,0.010959784006627967,-7.467126439620261e-05,True
cyclone_miller_kinetic_electrons,0.10000000149011612,0.03397262840613474,1.8723390986352568,54.11316570068955,0.08296168262069548,13.390986766149833,160.41170650279628,-0.1010421312964332,-0.236860637531272,False
cyclone_miller_kinetic_electrons,0.20000000298023224,0.15842125041884667,0.14127022045105492,-0.108262180246946,0.1309747206081885,0.13925978659816177,0.06325698540528361,0.044545692392933815,-0.3718458484056491,True
cyclone_miller_kinetic_electrons,0.30000001192092896,0.2300271347905538,0.23996566070643138,0.04320588492712775,0.23621711648584154,0.23775058221240883,0.006491763803488828,-0.1917133940842451,-0.06415147922257443,False
cyclone_miller_kinetic_electrons,0.4000000059604645,0.26461832086492026,0.25897515827881035,-0.0213256684860856,0.35196085977628366,0.34730619610506624,-0.01322494687101303,-0.08567662533783661,0.1274318029691968,False
cyclone_miller_kinetic_electrons,0.5,0.2539012768531438,0.258072618694631,0.016428991193691032,0.4677988541607531,0.47544302196882415,0.016340715117365835,0.16169241628782985,0.0832917429582354,False
cyclone_miller_kinetic_electrons,0.6000000238418579,0.21654096315181035,0.21985068466543545,0.015284505367719992,0.5674733998982803,0.5535264568726682,-0.024577263054289505,0.3689430567885938,-0.043604857187325576,False
cyclone_miller_kinetic_electrons,0.699999988079071,0.13835711910509393,0.12207490175009651,-0.11768254109591354,0.6575232463778916,0.6748006857932443,0.026276545370112984,0.34783029085290107,-0.2461143408849717,False
kbm_miller,0.10000000149011612,0.20517870411276817,0.2014437304631566,-0.01820351515408141,0.6012624185532331,0.6057691278723244,0.0074954116206620135,-0.15587026642951415,0.040279728940097785,False
kbm_miller,0.20000000298023224,0.33836138620972633,0.33526833915188525,-0.009141253062262605,0.8344574458897114,0.8381527193506945,0.004428354590380731,0.007660830078095474,-0.00037000435104217016,True
kbm_miller,0.30000001192092896,0.31351426243782043,0.3106974809891848,-0.008984540054838092,1.0764188542962074,1.080701167986337,0.003978296806153068,0.023766535834644227,0.0007689421939537898,True
kbm_miller,0.4000000059604645,0.24303684756159782,0.23980093126070762,-0.013314509027566538,1.3384138904511929,1.342674223761904,0.0031831209621374914,-0.034966537544648346,-0.014923338434477917,True
kbm_miller,0.5,0.16919438261538744,0.17163031158853212,0.014397221323133593,1.5988347865641117,1.6093627796256422,0.006584791092865275,-0.056863327939569254,0.0233536679196974,False
w7x_itg,0.10000000149011612,0.005148701102594363,0.007549606988114625,0.46631292780046546,-0.13228569493481987,-0.14424169040443052,-0.09038010856352714,-4.081431724468666,0.41889638754238057,False
w7x_itg,0.20000000298023224,0.01370645127509726,0.026112145564773835,0.9050989231775856,-0.047198907670303526,0.03331196282335932,1.7057782577523175,-2.2007401776750637,-7.905461822751335,False
w7x_itg,0.30000001192092896,0.046523909366346504,0.045073221596025066,-0.03118155352978153,0.06435905397891432,0.06793861239735703,0.055618567973597974,-0.6322246533633334,-0.5116893688230695,False
w7x_itg,0.4000000059604645,0.058345507242177665,0.05812421491543154,-0.0037927912054581815,0.05625087353918287,0.06492040943360661,0.15412268910605922,-0.3364676221086163,-0.19837466805870851,False
w7x_itg,0.5,0.07218779248800891,0.07305934524635402,0.012073409205439825,0.05966325263269463,0.06231673543682688,0.04447432359190846,-0.2604626374376645,-0.1765638300705866,False
w7x_itg,0.6000000238418579,0.07903518597459236,0.07754277605012766,-0.018882854592693288,0.06361288422642396,0.06777561284386335,0.06543845115751336,-0.023469326994504523,-0.22358301474196138,True
w7x_itg,0.699999988079071,0.09832014770884263,0.09757125693862684,-0.007616859694245993,0.06986171904711695,0.07324172851654391,0.04838142426966868,-0.004547350828831855,-0.0847506117447599,True
w7x_itg,0.800000011920929,0.1211387846640676,0.1173090636483613,-0.03161432588519508,0.08493447852762122,0.08614448691378086,0.014246374465772958,0.0330198524248609,0.01591071363779382,True
w7x_itg,0.9000000357627869,0.148156659732088,0.14788354703858944,-0.0018434047716277245,0.11427744857051916,0.11405681773667116,-0.001930659431128754,0.00035504404911465846,0.004893920698170478,True
w7x_itg,1.0,0.17473897024204857,0.17474233549172408,1.9258724432484165e-05,0.14890183386398337,0.1488925793104639,-6.215204527245978e-05,-0.00014933120948530012,0.0002429880418011196,True
w7x_itg,1.100000023841858,0.19886813299697742,0.19886689548888373,-6.2227571358156334e-06,0.18907709594009914,0.18907661956158867,-2.519493480178791e-06,2.5084559776470622e-05,3.6760777140994264e-05,True
w7x_itg,1.2000000476837158,0.21817634999752045,0.2181698079331918,-2.998521301106255e-05,0.23435690389042013,0.23435668853341804,-9.189274927147224e-07,2.634901601112256e-06,-2.7831932775330763e-06,True
w7x_itg,1.3000000715255737,0.23190867996703812,0.23191696030773287,3.570517798612151e-05,0.28381930038942926,0.2838199069413828,2.1371060837662336e-06,-3.765722959283118e-07,-4.5520222706162353e-07,True
w7x_itg,1.399999976158142,0.24027406454783434,0.24027633565868403,9.452168106294032e-06,0.33632094243116545,0.3363203709149828,-1.6993178555150816e-06,-3.900707279981486e-08,1.5013090772113322e-07,True
w7x_itg,1.5,0.2441827952861786,0.24418039129091945,-9.845064048511652e-06,0.3904142205478155,0.3904133707226289,-2.1767270296103787e-06,4.408109244023446e-08,-9.586018946198022e-09,True
w7x_itg,1.600000023841858,0.24464577636872117,0.24465396003362977,3.345107784023716e-05,0.44419927572646334,0.4441982800901263,-2.241418190999842e-06,-1.8610905182979273e-08,2.018119965965097e-09,True
w7x_itg,1.7000000476837158,0.24229502982912007,0.24230111532159962,2.5116043378347373e-05,0.4958943926800064,0.4958929271866217,-2.955252985983889e-06,4.949988588320358e-09,3.325450835801749e-10,True
w7x_itg,1.8000000715255737,0.23767883927501432,0.2376738823382741,-2.085560816155783e-05,0.544319937103673,0.5443161167306328,-7.018616772463367e-06,-9.18817188449219e-09,-2.637214178754907e-09,True
w7x_itg,1.899999976158142,0.23155642087348025,0.23155598640495825,-1.8762965861783208e-06,0.5885869414485686,0.5885806246667075,-1.0732113501518393e-05,1.6120370245456645e-08,2.6371688523197957e-09,True
w7x_itg,2.0,0.22472546985971997,0.22471848046952828,-3.110190489783061e-05,0.6279108820602908,0.6279024685231319,-1.33992536190032e-05,-2.245720389311561e-08,-2.6390652544416644e-09,True
w7x_itg,2.1000001430511475,0.21775538269539327,0.21775141753200272,-1.820925545658e-05,0.6617335401780424,0.6617221168236747,-1.7262770698753235e-05,2.8430869596256213e-08,3.889164817943461e-09,True
w7x_itg,2.200000047683716,0.2111072515883641,0.21108886299102775,-8.710547457749513e-05,0.689833194540258,0.6898198733644388,-1.9310720221402306e-05,-3.1686528804234423e-08,-8.837978667613033e-09,True
w7x_itg,2.299999952316284,0.2051003554411102,0.20508511821799869,-7.429154902599761e-05,0.7123293113290218,0.7123165521811826,-1.7911866936029063e-05,4.828636134264852e-09,2.06646722023293e-08,True
w7x_itg,2.4000000953674316,0.20008170909700337,0.20005302191433202,-0.00014337733719298472,0.7296048876834892,0.7295934492020354,-1.5677638194164815e-05,1.2500545225486205e-07,-1.4395964078528731e-08,True
w7x_itg,2.5,0.1962794990916001,0.19624006455910561,-0.00020091009339744855,0.742202389309978,0.7421912028768303,-1.507194440330585e-05,-6.996188875172159e-08,-6.065548093510411e-08,True
w7x_itg,2.6000001430511475,0.193805732835106,0.19377905879656337,-0.0001376328664400897,0.7507485538198236,0.7507373030000647,-1.4986135773024403e-05,-3.462833345455025e-07,-1.6618403482997754e-08,True
w7x_itg,2.700000047683716,0.19270949475249352,0.19266353292403987,-0.00023850318591038354,0.7559110853407118,0.7559001125813986,-1.4515939144259475e-05,-3.420096144854026e-07,5.717259492404728e-08,True
hsx_itg,0.10000000149011612,0.017389811403853327,0.017873792884936256,0.027831324322222677,0.00704548618523404,0.007420989943943233,0.05329706834088685,-0.1193925953517465,1.0536029933831366,False
hsx_itg,0.20000000298023224,0.04126295883600649,0.04090160854747347,-0.008757255871280423,0.017209632885887435,0.016928456719332567,-0.016338301253680052,0.02363985184943732,0.017900068276047253,True
hsx_itg,0.30000001192092896,0.06588236159203868,0.06467934589244462,-0.018260057328294665,0.020263733722171502,0.01499408567799139,-0.2600531627798851,0.09890703222639481,0.967215476112473,False
hsx_itg,0.4000000059604645,0.11018971049864042,0.11049317751752405,0.0027540413484195224,0.032446060280658696,0.03318820701614241,0.02287324652250964,-0.024371253635089896,0.015848500879025333,True
hsx_itg,0.5,0.1563025354162643,0.1562889281612914,-8.705716088778681e-05,0.049496182338579706,0.04949907528044189,5.8447777697149075e-05,-0.0006856383070636334,-0.0013927984990965714,True
hsx_itg,0.6000000238418579,0.2018558267307909,0.20185575214102355,-3.6952001110354e-07,0.08040592554760606,0.08040672446213856,9.936015623979948e-06,-2.6273527624106397e-05,-1.301329141362764e-05,True
hsx_itg,0.699999988079071,0.24108139111807472,0.2410795504687747,-7.63497046162249e-06,0.1253088814647574,0.12530857940934131,-2.4104868909943194e-06,-1.2566306998068865e-07,1.9818086172897226e-06,True
hsx_itg,0.800000011920929,0.2713177219817513,0.27132438625232813,2.456260699872939e-05,0.1807590554419317,0.1807594147279153,1.9876513667591105e-06,3.4545075409330554e-08,-6.361812730943835e-08,True
hsx_itg,0.9000000357627869,0.2915144092158267,0.291519903093125,1.8845988824482612e-05,0.24295501273713613,0.2429541164616239,-3.689059559327127e-06,-3.3038640291571296e-09,5.884668508580417e-09,True
hsx_itg,1.0,0.3014759362528199,0.30148437107596837,2.7978429234968575e-05,0.3086934724920674,0.3086922512429753,-3.956186965252034e-06,-1.035783697693187e-09,-7.899249884290472e-10,True
hsx_itg,1.100000023841858,0.30198934674263,0.3019931747936963,1.2676112941042928e-05,0.37575409365327733,0.3757508139488157,-8.728326629088316e-06,-1.0186197436161797e-09,-1.1300001270376197e-09,True
