case,design,seed,mean,std,tau,neff,sem,window_in_tau,half_shift_percent,trend_percent,stationary,elapsed_seconds
dt025,baseline,0,11.263917152263039,1.20660533671655,12.711399180269753,15.749274305753616,0.3040429714108782,31.419802239978463,-0.2037936622655157,-3.2553348424013677,1,310.0864461939782
dt025,baseline,1,10.412580023104015,1.2652202298899897,14.273807912447719,14.02536125804357,0.3378384680831088,27.980595709796923,-12.591828150386212,-20.92260875605983,0,304.29058446828276
dt025,baseline,2,10.692253010412282,0.7289462212100422,11.562970322693033,17.31348493622824,0.1751875512870643,34.540402447775335,2.25408524076859,5.579669149299161,1,304.3204707647674
dt025,baseline,3,10.67273285954468,0.9417105177644546,7.51581916824836,26.636525975206187,0.18246460444205767,53.13986932053634,-1.723660390716637,-3.9508009641706363,1,304.230260130018
dt025,candidate,0,9.32141729796047,0.7751853871868852,16.720544301572996,11.973014089090778,0.22402878863400447,23.886163107736103,7.523587348154356,13.75758072129643,1,308.5725035658106
dt025,candidate,1,9.322440828148554,0.9786537767942143,12.750767438056608,15.700648096089228,0.24698483410912608,31.32279295169801,7.960942288292512,3.6186521771632663,1,304.4961157757789
dt025,candidate,2,9.200983409143435,0.9848456537969347,9.312625235019594,21.497194126010463,0.21241113694396843,42.88690228139087,0.07674526250173129,4.088489471600329,1,304.51479537505656
dt025,candidate,3,9.750925918003215,0.8544187127802492,9.658054874619738,20.728326262267398,0.1876673119602196,41.35301089322346,-1.6496006801570253,0.5685987166687845,1,304.22709758300334
dt04,baseline,0,10.530434663356925,0.7547226728726619,7.525485695945252,26.535805433308578,0.14651134655600048,52.93859931056047,3.5693076664924144,5.737588793234953,1,196.62500707805157
dt04,baseline,1,11.508344053919503,1.0315418575100592,15.810214965286457,12.630746935269885,0.2902500734862003,25.19818185582664,-6.619259557826304,-4.297940689397966,1,190.7974422359839
dt04,baseline,2,11.016863315790317,0.9016145750215129,9.878588937735328,20.214913838142774,0.20053259616443736,40.32849978737255,4.507491704977882,6.285378275631777,1,190.9131143828854
dt04,baseline,3,11.45734780794328,0.8322144514235796,9.393687723281342,21.258405655089618,0.1804969667684656,42.410252885842944,-4.18542188456597,-7.4413207786007725,1,190.80415709223598
dt04,baseline,4,12.143442515009484,1.347506919998546,28.4280089227367,7.024580045739124,0.5084178869228112,14.013949163930683,9.735012783563944,22.69532151521024,0,191.12712747324258
dt04,baseline,5,11.445195715266996,1.5478182790531378,19.294328399039756,10.349923567626663,0.4811177723085142,20.647967819124872,-5.07055186652366,-5.4750649314004685,1,191.0049833408557
dt04,baseline,6,11.050296855260354,1.2309037928677256,28.567099536593325,6.990378003302324,0.46555798466995835,13.945716517866291,-10.208386356112598,-20.013354283329697,0,191.26289998507127
dt04,baseline,7,11.0053568592213,1.2004231017156872,31.85023079201109,6.269807761293803,0.4794101582812685,12.508187914761573,9.204209067571053,15.869558438153879,1,190.8733340180479
dt04,candidate,0,9.910258640456755,0.8137734696320635,10.85091124191073,18.403507296921347,0.18969384002671477,36.714766436965895,-3.2482437543648826,-2.574323276736538,1,195.1712866369635
dt04,candidate,1,9.955477522783104,0.8018143423076547,11.178235452641083,17.864610659240327,0.18970424209466208,35.639674397882956,6.331201730480402,5.533875115016538,1,191.04857993172482
dt04,candidate,2,9.281630444340884,0.898112905834124,30.945528133022606,6.453107646453497,0.3535464512462262,12.87386888866412,11.212065470041441,20.018157436152077,0,191.09327548602596
dt04,candidate,3,9.744630375118598,1.0111173881465205,24.176442892518907,8.259892702434858,0.35181501943259963,16.478382433930193,-7.267478221919213,-11.207868254588021,1,190.81141704600304
dt04,candidate,4,9.380912320132012,0.7649147726881187,15.373091154528648,12.989893978474417,0.21223169629481112,25.914675706430163,7.318049609928593,12.856776781006824,1,190.8608264620416
dt04,candidate,5,9.151927449884129,0.930245853408961,14.67071644828313,13.61179768709385,0.2521389849028277,27.155365811846377,-5.071156419272378,-2.165295815662185,1,190.90069037582725
dt04,candidate,6,9.584516641374414,0.7816490341057016,10.30982788480776,19.369365468555888,0.17760455452927565,38.64164138589094,-1.5143771885023416,-4.801860223210806,1,190.86194151779637
dt04,candidate,7,9.667515484524985,0.9747907804669889,13.924409136342984,14.341349946228062,0.25740465487598124,28.610813426560245,-5.289412768031514,-5.894270243215064,1,190.9282363220118
nominal,baseline,0,11.237562091420594,1.0578033521628474,30.863734394388324,6.4702093942027545,0.41585868028580736,12.907986661116272,9.93648382693982,23.199211828960813,0,157.87787341326475
nominal,baseline,1,11.469522966239223,1.3480080101838339,11.049881988097553,18.072122800393025,0.3170939006655158,36.05365851907982,6.759851482790398,10.381547431381664,1,154.66229156590998
nominal,baseline,2,10.54536610202247,0.9485410010834474,14.554414987233171,13.720566879116621,0.25607670951759104,27.372358986909347,2.4208696090070596,4.5823872090038185,1,153.18496107682586
nominal,baseline,3,11.643121650704465,1.4381491239869588,14.457596648374839,13.812449543001842,0.3869622225525064,27.555663749948536,7.97028976295551,13.875454023154273,1,153.03402703022584
nominal,baseline,4,11.078383421940194,1.2848301780916598,15.931695231296015,12.534436625832013,0.3629053070864213,25.006043995394194,-2.0857016717599954,-1.4503265553343216,1,153.01891318475828
nominal,baseline,5,10.8641560849136,1.267482904573029,12.608756090708479,15.837789452197205,0.3184892864500493,31.59619148859392,8.812373146884278,9.737809320646111,1,153.31463399901986
nominal,baseline,6,11.075515394770651,1.537094270460318,19.078100030828693,10.46722807281957,0.4750995949120198,20.88198883700345,-16.20559678702694,-25.851991223163868,0,153.11519319424406
nominal,baseline,7,10.631212024418835,0.8135137787449601,5.956769450276073,33.52401429763157,0.14050342290099435,66.87998842334518,-2.4064452877650906,-4.3127033338611085,1,153.42759402515367
nominal,baseline,8,11.770902118353744,1.2172186380829324,30.522394907585873,6.5425673451698545,0.4758767564733318,13.052339866554396,11.705540785680725,17.8244664766403,1,153.07049151323736
nominal,baseline,9,12.086345368656335,1.4472032660506626,30.576662835821413,6.530955496713067,0.5662929719193831,13.02917437439499,11.793078989387729,16.596958254630554,1,153.44988354016095
nominal,baseline,10,10.917970104034627,1.186665019988942,22.14531740680766,9.017474012694084,0.39517156863349884,17.98974765439722,-7.35068508768039,-15.256649764706037,1,153.16271273978055
nominal,baseline,11,10.529406095355293,1.0135961230887596,12.926512536495393,15.448468692151271,0.25788270809899816,30.819501451008552,4.150958753749932,-1.6524422302288206,1,153.49797672219574
nominal,baseline,12,11.182088874230253,1.1719810647928692,14.229980804350943,14.033386760275286,0.31285229684762267,27.996430729772253,-6.847231703851256,-7.231778122071539,1,152.99566463008523
nominal,baseline,13,10.776524180121116,1.023957570873527,12.944859381733036,15.426573462864082,0.26070371843095536,30.775820742956917,6.630824372119809,7.863963009974484,1,153.03845021221787
nominal,baseline,14,10.880808231264304,1.3468539268953499,29.773063941804757,6.707231227833284,0.5200544986524508,13.380842249010762,-11.341400490621261,-12.13337594193478,1,153.03269429923967
nominal,baseline,15,10.61372873947264,1.0190823032743344,12.050569594500402,16.571401264707525,0.25033965143075343,33.059737861421524,-1.9862479105457742,5.085776447499722,1,152.9832000238821
nominal,baseline,16,11.646873429856601,1.6081787463103534,28.19877654728924,7.081683983128224,0.6043187189418658,14.12787080343375,4.5929524692618635,10.504590617266118,1,153.02290089800954
nominal,baseline,17,11.710439086732391,0.806113395816147,6.057527240245265,32.966393100473205,0.14039783852881266,65.76754112274855,-0.8285057292233081,1.5236341620074152,1,153.08620166918263
nominal,baseline,18,11.183809143761033,0.9118326268039529,12.231985886557897,16.32562578724038,0.22567331535626542,32.56941886376778,-7.761548522434752,-10.478045152474621,1,153.18274950841442
nominal,baseline,19,11.518264736672313,0.9985023167056979,7.04567650136723,28.342888604096252,0.18755429843307295,56.54370759112936,2.438324486083197,-0.49485669148379735,1,153.02521823113784
nominal,baseline,20,11.294336030165036,1.221163600615229,14.051370702123572,14.21176826461281,0.3239289714912852,28.352299595568415,3.4377642393631636,2.3399322038128365,1,153.75283779064193
nominal,baseline,21,11.380280814555089,0.9506518245440022,9.837498828015912,20.299349225846434,0.21099901528433898,40.49694732775379,1.356434536523096,1.6310978926343584,1,153.1069396501407
nominal,baseline,22,11.064133164889329,0.8723487629248454,14.93492348283786,13.370997477705522,0.2385658336784461,26.67497241166315,1.467205009517048,8.950786816584301,1,152.98867325065657
nominal,baseline,23,10.813351391004803,1.0103286970130172,10.022540636304807,19.92457117064632,0.22634358860507722,39.74926980409642,0.2605321507223754,8.134119391840155,1,152.98202475113794
nominal,candidate,0,9.63743807330431,0.9077217137730481,10.499758858295385,19.01899147531185,0.20814164496761176,37.942649660020635,0.041964938461714445,0.87191502175253,1,157.27789451694116
nominal,candidate,1,10.44554252777235,1.0214040630429517,10.353441375413407,19.28777272965206,0.232571525252612,38.4788648942432,-6.44979163460647,-3.8924580083608045,1,153.25795973604545
nominal,candidate,2,9.34800664971736,1.0192129878765144,10.371224606769966,19.254700557578932,0.2322718423703234,38.41288632539556,-4.341582423049797,-7.562238285812893,1,153.322287179064
nominal,candidate,3,9.627981301578782,0.9949495395148565,19.40070891115373,10.293171509003095,0.31011762601622683,20.53474817334953,-3.5470235020071534,0.09062944883992705,1,153.333113161847
nominal,candidate,4,9.657374818622245,1.1144193952510337,30.255574994673335,6.600265380972181,0.4337784404153699,13.167446724947009,-12.122601448919873,-25.55255498020947,0,153.05341577576473
nominal,candidate,5,9.803684324595556,1.5014501360596952,23.17217732101232,8.617870537252818,0.5114591244485569,17.192543728454243,5.344241094522708,20.52230691705139,0,153.12839614739642
nominal,candidate,6,9.643284564251537,1.1630293403907392,14.695119316747789,13.589193793830653,0.3154959764400412,27.11027132804311,-10.492152702573552,-13.343160954595234,1,153.1349188699387
nominal,candidate,7,9.642401886941244,1.204685103912076,17.34839185503343,11.510855062961408,0.35507471527034945,22.96401160430396,-7.216250292748264,-0.9806414248991095,1,153.13902655709535
nominal,candidate,8,10.002150029157765,1.1229094334146297,13.283677166135709,15.033098269493873,0.2896146203036103,29.990842662950183,3.8595809982876856,11.417781573915203,1,153.18954148702323
nominal,candidate,9,9.591939951896311,1.0684203221777602,20.289239186960327,9.84240081052875,0.34055841558576394,19.635466278648835,3.577506904431909,-2.0870663294231577,1,153.0536645031534
nominal,candidate,10,10.042356957045262,1.1717102925499532,21.96035721123613,9.09342331264881,0.3885586133148625,18.14126555606128,-3.8461553133093043,-16.694077995591428,1,153.0914181903936
nominal,candidate,11,9.639556777217745,0.8449930281848738,7.084915411965243,28.18591508961401,0.15916114547296178,56.23054739682394,1.7306109234035885,6.084558971350512,1,153.04073865478858
nominal,candidate,12,9.615860754684778,0.76731355890259,7.197813917674795,27.743815900600563,0.1456765928863663,55.3485650548322,-1.5180103007595482,-0.13448380380662422,1,153.0247018742375
nominal,candidate,13,9.865472025498176,0.8763566534376278,9.479457709220668,21.066059931308818,0.19093662009882592,42.02652557724767,-0.2017079420033421,2.139645721414416,1,153.61988225625828
nominal,candidate,14,10.156968182857295,1.1289134969860422,22.83347488603554,8.745704506889535,0.38173612929105366,17.447570895950047,5.610493384806523,11.33854319297262,1,153.02371270395815
nominal,candidate,15,10.014576421873198,1.078404406676321,16.470651333625085,12.124282165518856,0.3097088647835022,24.18779098684965,2.051775731420631,-8.581386425316328,1,152.9949288861826
nominal,candidate,16,9.452588421945523,0.8508911546242901,13.439667955133704,14.858612942328705,0.22074194969973612,29.642746621788593,-0.9769323282175498,2.614029639216152,1,153.7003319566138
nominal,candidate,17,10.256734495885873,1.1342435435152802,14.513742236323425,13.75901686602752,0.3057824910376835,27.449066228967183,4.980392783919198,1.08836926600988,1,153.02225041389465
nominal,candidate,18,9.69979727322361,1.074733782111381,13.717055614185057,14.558140597770993,0.28167476820602694,29.04330805971356,6.180981744335416,17.07271874289539,1,152.99835526384413
nominal,candidate,19,10.148836551150268,1.1385657199635044,18.861224065172657,10.587585595119856,0.349912644657037,21.122100585752897,0.13529034335685675,8.46060491255063,1,153.0252835052088
nominal,candidate,20,9.375053593304628,1.2079224491898202,11.40353188652326,17.511664474297664,0.2886525104281343,34.93555118180687,-7.075525888649891,-11.718759779564802,1,153.079352744855
nominal,candidate,21,10.151343027074061,1.007531523815116,11.025040441550274,18.112842785243345,0.23673656103264382,36.13489437858071,-5.4368988660269055,-9.848385914144663,1,153.19020097889006
nominal,candidate,22,9.367226580896665,0.8603883839342976,9.464477045774688,21.09940393462115,0.18730934496897925,42.093046446011115,-2.0341851742267005,-2.374422023850478,1,153.1166394581087
nominal,candidate,23,9.606522180165241,0.911644448408324,12.38387985675232,16.125384494090216,0.22702331043766147,32.169939993222584,-5.68816009534806,-12.594536010982049,1,153.0158406458795
perp12,baseline,0,18.037180240554942,2.6913994932563754,21.48026622044156,9.296664304314426,0.8827029778524317,18.546728787554592,15.54206455659608,26.082945663607067,0,107.46058211568743
perp12,baseline,1,19.166305752100563,2.886885205588084,9.608452453239586,20.783245292681954,0.6332465512028089,41.46231391723016,0.8441805688599678,10.357115950718061,1,91.89382004365325
perp12,baseline,2,18.972686547785013,3.506642834597655,15.394406040039268,12.971908347705282,0.9736202493350461,25.878794598429586,-3.3349287652403414,-4.1905440074758085,1,91.7899252474308
perp12,baseline,3,18.73875414451281,3.2242226493439796,12.85627530718447,15.532867758918835,0.8180864548192244,30.987876531577427,0.7411928722659449,-12.98667419373249,1,91.90772725176066
perp12,candidate,0,15.278700540959477,2.663598683378794,15.410679947292454,12.958209819537194,0.7399396293033002,25.851466206395003,10.296402091156878,11.374841306074488,1,95.85408295411617
perp12,candidate,1,14.732699173534295,1.7949017905666904,8.593127984881745,23.238897939153425,0.37233419761305453,46.36131017435119,1.2258444241905349,6.548834590134369,1,92.0511461137794
perp12,candidate,2,13.656409746521065,1.8657268841873407,12.653450981964031,15.781846747056663,0.46964441130213935,31.48458649287495,-5.47204198811575,-8.760294817869388,1,92.00244252104312
perp12,candidate,3,13.852925106657704,2.3347869114837114,17.247950499310214,11.577887136604216,0.6861713711597508,23.09773975122044,3.9059168794023935,16.42680169269976,1,91.92964647011831
perp20,baseline,0,9.435338233816802,1.0718662368909406,24.101692714932113,8.285510340733447,0.37237537990563085,16.52948930131284,-9.587346728294929,-17.329574328707178,1,256.5450541889295
perp20,baseline,1,9.994487298607197,0.9421050526350851,21.001280206749556,9.508697672371921,0.3055194146790521,18.969732699769548,-1.1464739764254024,-9.29227425681339,1,241.67937427619472
perp20,baseline,2,10.755165977196118,1.1885755758592516,38.06063169262093,5.246755383134278,0.5188972789164774,10.46721124053856,13.38718888116543,17.772496852467924,1,241.63059416925535
perp20,baseline,3,10.216672240224815,0.7858543845958462,10.4223008358054,19.16033967592898,0.17953142523469748,38.2246375489711,2.2679489665596693,3.876468301605108,1,241.66174855502322
perp20,baseline,4,9.802659127356012,0.9049526262110639,39.29437632730048,5.082020453904199,0.40142798032423044,10.138567121072036,12.74595222086851,22.418655500845187,0,243.44556666677818
perp20,baseline,5,9.75257434881858,0.8629859509827039,18.888530977654558,10.572279255331834,0.26541130210569913,21.091564629684562,2.1637956686294206,2.6862104513528284,1,241.72003087308258
perp20,baseline,6,10.417163274408846,1.1709245976612448,36.23520089428415,5.5110726390439435,0.49878210264625306,10.994520853832027,3.8408102835628766,7.364443120851166,1,242.17309977626428
perp20,baseline,7,10.312863369590593,0.6819697686780477,17.050035595956977,11.712281953599147,0.19927112088630694,23.365855726979753,1.7748603117247845,6.423417177268955,1,241.60811585234478
perp20,baseline,8,9.216886786362483,0.743454539941608,10.865590663100582,18.378644144667742,0.17341940164043637,36.665164759788276,-1.0949307284425402,-0.543677815682746,1,242.28462017700076
perp20,baseline,9,10.45256473299515,1.0405006603005884,13.686543533799975,14.59059577208725,0.2723992122663565,29.108055725768047,0.6449920118718935,1.441993656623681,1,242.27283234195784
perp20,baseline,10,10.181770874456188,1.1251857706594663,13.49255727096605,14.800368841010087,0.29247446958913226,29.526550369533908,-3.9111021907465067,-7.472096209927626,1,242.12587318290025
perp20,baseline,11,10.410894366020742,0.8409728283143264,13.670116762334757,14.60812864224896,0.22003140487980477,29.143033582030508,7.388100770164394,13.313577329345128,1,242.24686277704313
perp20,baseline,12,10.250293150892594,1.1502959703822575,18.158529389271358,10.997301595179625,0.34686983253948994,21.93947887158642,-10.61550915733637,-12.41850727532397,1,242.64228056604043
perp20,baseline,13,10.43638831666144,0.8606722716042547,11.174622979969769,17.870385835539864,0.203596752660969,35.6511958022299,0.8027606036597701,-0.3762814505971675,1,240.88254644582048
perp20,baseline,14,9.35388369482243,1.0215247829691674,40.05103019664975,4.986009679108189,0.45748024897082995,9.947026828496538,14.556057238258,21.25239073548434,0,242.51354741770774
perp20,baseline,15,9.78474961479723,1.2621029712431735,41.62362689463237,4.797631516452544,0.5762107345825745,9.57121475462713,-16.823605563231077,-27.80738113885233,0,242.21043965499848
perp20,candidate,0,9.720493627369105,1.161022795023532,13.034375186364969,15.320628826738643,0.2966213799823598,30.564462521513683,-6.617630572408216,-6.306577160517036,1,246.62849612394348
perp20,candidate,1,9.12810481122415,1.2467337386653718,14.505740318747819,13.766606862571237,0.3360162318180246,27.464208176959158,-0.22269381812616645,-10.658209356367209,1,241.80254581803456
perp20,candidate,2,9.468725743542398,1.2924545648175765,17.879007279226283,11.169234460281054,0.3867261868603337,22.28248278291659,2.8828078226993354,15.858581495840733,1,242.12023787526414
perp20,candidate,3,10.286192144892606,1.8156429630458184,12.347372249159902,16.17306259089556,0.4514756346086382,32.26505719887937,-7.489827314247869,-3.408525756570187,1,241.91363199800253
perp20,candidate,4,9.544328916863297,1.4731252104121675,16.056000319444223,12.437395381520671,0.41771006650938514,24.81244792904876,-8.299522124492642,-11.14076850511348,1,241.959038419649
perp20,candidate,5,9.600068283637953,1.5116533001650592,27.705485727973933,7.207771997915931,0.5630561110810101,14.379414812884916,15.27216786633124,23.270762628617902,0,242.3278517862782
perp20,candidate,6,9.855562284251727,1.0813154279450707,21.328488988419473,9.362820982169735,0.35338575540146705,18.678710530844885,4.4677883053240945,3.8689571341435904,1,241.1594125800766
perp20,candidate,7,9.868446806004316,1.3882516667019391,15.212103220183998,13.127364528646329,0.383159352757594,26.18892773133453,-3.4863891339348414,-11.658864469310892,1,241.25203733006492
perp20,candidate,8,9.53580150597631,1.197464746126061,12.377699558431116,16.133436045692928,0.2981256206661956,32.18600273777336,-2.414394402489505,-1.9442400653456557,1,242.240340879187
perp20,candidate,9,9.104332858563861,1.2142863856809722,19.57881283874473,10.199536910816763,0.38021644670617255,20.34794832333369,2.709453820748828,-5.987842714806271,1,241.35322132706642
perp20,candidate,10,9.371923687622006,1.1124065452450258,18.69583690426003,10.681245522271729,0.34037102815662557,21.308950966737587,-12.490588524359865,-16.08583192306473,1,242.15939533384517
perp20,candidate,11,9.822963397710474,1.5820386171706247,17.750028882912936,11.250394325329026,0.4716645193525698,22.444395696646378,3.8900289377517896,-9.31632283374388,1,241.94183369306847
perp20,candidate,12,9.647956820136452,0.7937348267431908,14.066291627108251,14.196693024187162,0.21065988387780246,28.322224679832033,-3.7397470789906784,-6.993222318438339,1,241.61056353896856
perp20,candidate,13,9.488091066680514,1.5965512804378441,20.570489423791496,9.70783048009476,0.5124149362864497,19.36700015577802,-9.260776934376484,-23.871969967982885,0,241.48087916197255
perp20,candidate,14,9.477398101644596,1.4384315260603917,15.390489131442335,12.975209722917715,0.39933005667758403,25.885380800607773,-0.5759482811567475,17.522619669531426,1,242.21923502814025
perp20,candidate,15,8.637241216982817,1.033192990344291,15.183832022086282,13.151806732863976,0.2848975679961496,26.237689622455452,-6.2018139357869995,-12.366294214586754,1,242.15681005688384
perp24,baseline,0,9.501162495417462,1.1144257806341236,32.63165412435968,6.119665998472229,0.4504922151715838,12.208656979408257,13.885388115687622,20.884083324135407,0,357.8647140013054
perp24,baseline,1,9.749596019504347,0.9154067475180369,26.191037393649978,7.6245480932025265,0.331517955369855,15.210877900223586,6.559656815357223,10.891585662530314,1,342.39823443768546
perp24,baseline,2,8.842344083621862,0.9868025999248513,20.43335720146045,9.77298161285396,0.3156579590809451,19.496975849202386,4.244615286802767,5.127032637790706,1,342.2514097499661
perp24,baseline,3,8.998034575840595,1.3033931504126621,22.12047553393559,9.027600871979132,0.4337997121050174,18.009950611767895,3.070982906669798,20.291914160787623,0,342.76595305791125
perp24,candidate,0,8.921059165779988,0.9569878965966268,10.706437060652538,18.65184683639087,0.22158763631294234,37.21020070618329,-2.584430929929168,-7.748640181596667,1,347.0431028129533
perp24,candidate,1,8.914502997937994,1.2185871326349393,14.65994278742839,13.621801061188176,0.3301713012186437,27.175322417808992,-5.0883436493627405,-6.236903730438206,1,342.7643381492235
perp24,candidate,2,9.915651911464419,1.0588229949659915,9.13857896047877,21.85184645034659,0.2265057829111409,43.59415983577916,1.3683039428532997,-1.5071716704021652,1,342.5933330138214
perp24,candidate,3,9.210051070548413,1.0382698614981694,9.921817548833667,20.126838982462903,0.2314314954013499,40.15279155398615,-0.9261818906869862,2.702399535601192,1,342.6409783042036
perp24long,baseline,0,10.001139246090421,1.2855493994241756,37.800240312052836,7.930967580996022,0.456484128857773,15.835451239547423,11.180871272461175,8.047707743289322,1,576.1074763997458
perp24long,baseline,1,9.882487430860428,1.0722177258814618,16.33960726824457,18.347594011723018,0.2503187732999865,36.63391980467079,-4.842734137793467,-8.08291604782044,1,569.9399279500358
perp24long,baseline,2,10.074121533607947,1.4648894507292456,32.317995541855154,9.276332750293491,0.4809685642057747,18.521688993039785,5.896734186204907,7.847378366814761,1,569.98084975034
perp24long,baseline,3,9.098397857877332,0.7406848134577945,12.738215601965328,23.534888232108134,0.15267831916356445,46.991186286118,3.9304660256748614,6.267015626054211,1,570.0487941228785
perp24long,baseline,4,9.717688947244424,1.08375753140179,22.519486847272393,13.31258045540507,0.29703047231772245,26.58070613972224,12.430866513164181,19.950067024705255,1,569.9876477359794
perp24long,baseline,5,9.894224011264294,0.9744902858656356,13.578393068333241,22.07864207200696,0.2073916824308486,44.08355681650363,-7.4021826651465314,-10.109253287043298,1,570.0306776338257
perp24long,baseline,6,10.551504242350243,1.1512875106184997,26.355000859898176,11.375164890429385,0.3413539581096133,22.712344631925014,2.4075733579732956,-1.7372278497514084,1,570.1986497552134
perp24long,baseline,7,10.159560639712259,1.1985305870248162,22.051234919073924,13.595269451754598,0.3250537735550241,27.145140147544442,8.0639739850971,10.277096773212106,1,569.9374368907884
perp24long,baseline,8,10.005326882478125,0.9545456810484946,14.23571475584487,21.05918007001804,0.20800606006108013,42.048037107439384,-0.6152036525712085,2.786302518075606,1,570.2758165327832
perp24long,baseline,9,9.601291564162773,0.9300409434719727,35.469406771325865,8.45214250132618,0.3199032577565384,16.87606071800992,5.929910210694939,9.191515876449241,1,569.9897608179599
perp24long,baseline,10,9.882321630168848,0.8152416038910272,18.475007312197274,16.226920801856778,0.20238031916300722,32.39965496032578,2.6141750107143698,4.848992768377972,1,570.3217737958767
perp24long,baseline,11,9.744743776304885,1.2359775075737047,35.11764367240711,8.536805124664589,0.4230219313158932,17.045103250335988,-13.427267174307667,-19.3851792962146,1,569.9769919780083
perp24long,baseline,12,9.816815752546576,1.2709506282417673,42.74726292987181,7.013138618034299,0.47992399998792606,14.00285822478699,-8.09156091924592,-19.554273302020356,1,570.0080902469344
perp24long,baseline,13,10.349233630504905,1.0749780839839762,27.023621581339718,11.093719602548088,0.3227461109910109,22.150393887916938,4.779637860620976,-2.119520066152511,1,570.5632680063136
perp24long,baseline,14,9.987123124568846,1.010712700890583,19.831430529119423,15.117037574699948,0.25995272653205315,30.18359474500635,-3.1465001964474193,-6.6477497021099445,1,569.9073683233
perp24long,baseline,15,9.925334201438387,0.8416524991038754,12.841467354994704,23.345656082842073,0.17419262972383706,46.61335389151362,-3.2572005416591523,-9.704895807585096,1,569.9347860817797
perp24long,candidate,0,9.076047909019541,1.250972211218347,14.770504056925251,20.296699375549764,0.2776738314535732,40.52562187436233,7.359302573009773,12.32131359599215,1,574.4843859882094
perp24long,candidate,1,9.218174345772052,0.9788037854007156,11.488595783921271,26.094788789446405,0.191610254291923,52.102439111177404,-0.12062729725810196,-0.522528839088561,1,569.8326683733612
perp24long,candidate,2,8.868782859279667,0.8937988988719685,12.705770077497002,23.59498705235568,0.18400513527442638,47.111183238301344,3.4701650281571563,8.546823358815903,1,569.960749594029
perp24long,candidate,3,8.90934497373767,1.2970230295313627,16.908370445887797,17.73041828177245,0.3080265819796181,35.40162928298429,-8.054842221157877,-13.768888902128081,1,569.497737926431
perp24long,candidate,4,8.970251586576552,1.2351080913418002,16.466889425548153,18.205774795792706,0.2894678821792039,36.35075495047612,9.068497778919632,20.23055531460094,0,569.9417962031439
perp24long,candidate,5,9.05642386482003,0.8448699677166407,11.576009120367956,25.897740521063167,0.16601943635714114,51.70900057874702,-4.400017312029898,-5.641805949700862,1,570.0093372720294
perp24long,candidate,6,9.431018822062857,1.4261196114198762,19.967049983061,15.014360194574474,0.3680463685444646,29.9785828558798,7.578304215913268,20.24586843358813,0,569.9721342357807
perp24long,candidate,7,8.896549139773073,1.3693800210621259,14.104055603102212,21.255764221661895,0.2970199531847356,42.440548956218514,-12.221529486795442,-19.45320678692977,1,568.7877037581056
perp24long,candidate,8,9.01272062531743,1.314896410553036,14.234081568646904,21.061596353999843,0.28651403255504765,42.05286160669298,3.904354818513626,5.887091795398007,1,569.9838020778261
perp24long,candidate,9,9.530802080668664,1.1285489734124816,15.049097570096663,19.920960647132304,0.25285134682780497,39.77539912387203,1.833737019099234,7.652130771969428,1,569.9838449158706
perp24long,candidate,10,8.78319147679135,1.033688079245379,15.862803247475052,18.899085854605755,0.2377765979270916,37.735061890776876,-0.6616040115550407,-7.960937868001048,1,569.9973869388923
perp24long,candidate,11,9.21237998393942,0.8314960747246843,10.480149107060196,28.605745720429475,0.15546533479810315,57.11596812123957,2.78965506416015,5.522897829881365,1,569.9204207770526
perp24long,candidate,12,9.325518942615389,1.5018784999433639,18.36525701884872,16.323892454163072,0.3717259994316768,32.59327444698138,0.21580902084987974,-8.714108338180013,1,569.9775483207777
perp24long,candidate,13,9.100863613287885,1.1876667819266593,15.396528401146101,19.471433602293992,0.26915078187348235,38.87784614225955,2.485945793718695,7.562236543287194,1,569.9383697398007
perp24long,candidate,14,8.969493070427104,1.5600430436842638,14.587729368073818,20.551003717197077,0.3441280411450743,41.033381357809304,12.661313611977377,11.620618264940308,1,569.7794371782802
perp24long,candidate,15,8.709256825293089,1.026008999812245,15.209630624815299,19.710700927846535,0.2311001014232516,39.35558180670522,-1.2548671933433282,3.473877413979767,1,569.6536502609961
v36,baseline,0,15.422808135349419,2.518334722732275,30.289458464343173,6.592881957722395,0.9807894904668196,13.152716888087786,17.962551245336314,27.775595254682777,0,114.27224918222055
v36,baseline,1,13.327416369318877,1.2157833631834658,8.517546943475681,23.445109905935226,0.2510903717649164,46.77270046397103,-2.82122736474497,-8.679864387067008,1,103.11283978959545
v36,baseline,2,12.536985825673424,1.3518442371923383,25.097594000042946,7.9567317974148555,0.47924688018702943,15.873580227424123,-10.425059116967173,-17.784301987528284,1,103.17044280422851
v36,baseline,3,13.828598083945813,1.9290427693477177,18.928946256688615,10.549706333926911,0.5939114133626784,21.046531934350433,11.419614390518266,14.031641527470104,1,102.6078545418568
v36,candidate,0,10.962037547663233,1.3000454786670592,11.845901445442314,16.85771447098964,0.31663520373439136,33.63092912006956,-10.338672323969767,-17.09193033990723,1,107.31745028588921
v36,candidate,1,11.981671207954935,1.1545166724691112,20.85762993773574,9.57418579267537,0.37312064844069015,19.10038067912179,-1.9304023710643752,-1.7245898019103092,1,102.78426344599575
v36,candidate,2,11.702426479008826,1.3623681024673169,27.211924960671535,7.3385041487275195,0.5029104903227105,14.64022381550653,14.904961503365838,24.03644202370051,0,103.08800955396146
v36,candidate,3,10.677601561943515,1.155968038063838,10.829852570437396,18.43929295619993,0.2691991560912974,36.786158378784826,-7.9231389300182515,-6.298943029425733,1,102.79855284886435
v612,baseline,0,11.353683500196917,1.3496347391677075,31.43573884202783,6.35247751682455,0.5354817573708583,12.673113041083562,2.2358827403454606,11.921959029958506,1,300.17780225677416
v612,baseline,1,9.88865738463278,0.9088407660232076,9.550244330664576,20.909917830851327,0.19875205876626448,41.71502404350289,7.1794176998467725,10.00445922318572,1,287.74248991906643
v612,baseline,2,10.782087877931945,1.001169349663598,7.932677793928413,25.173696626326397,0.19954187481500557,50.221209309663685,1.1906048095614332,1.5708667535329526,1,287.74723229464144
v612,baseline,3,11.012554466438294,1.0316401312627477,14.299837438044847,13.964831774063397,0.27606437980409826,27.85966439136457,-4.104745892378103,-9.821313570595802,1,287.6941996659152
v612,baseline,4,10.61505961072543,1.0873367235340765,12.255841081974708,16.29384902130066,0.2693718519903146,32.50602461392312,5.467368680897327,8.438522607711262,1,289.1617952371016
v612,baseline,5,10.854127600699934,1.0375778308617831,10.932970790836483,18.26537617626538,0.24277634758855524,36.43919658222367,-3.2080441350100006,-3.7403459491086215,1,287.60982169304043
v612,baseline,6,10.798117936382237,0.9409284764836292,22.836346565164305,8.744604731274064,0.3181899955608276,17.445376857378832,4.073150208017616,8.90394614865096,1,288.15220647118986
v612,baseline,7,10.813316364023848,0.8435621078174342,13.392685493606095,14.910737978136487,0.2184577689685571,29.746735415029182,-0.8127363756439812,-4.496623311084225,1,287.64537514327094
v612,baseline,8,11.788295082561524,1.3447849488666885,11.132038130880762,17.938747772053333,0.3175095394143912,35.7875770089084,-4.5717540040818285,-11.042544089439163,1,287.78609581524506
v612,baseline,9,11.039843037254053,0.9165367472491499,19.163045403690127,10.420829258187522,0.2839218015056383,20.789423783251298,-1.8211331200872218,-4.564548683526005,1,287.71858546696603
v612,baseline,10,10.903939605349956,1.2431127416637942,10.498544368824364,19.021191624597762,0.2850307118985942,37.947038930275234,4.381445376886681,8.045634122826266,1,288.26164048723876
v612,baseline,11,11.08766380246683,0.8526163229125505,15.027016428659246,13.289053430320056,0.2338872884491556,26.511495063996904,-3.895016690807194,1.8249268133732102,1,287.64720723219216
v612,baseline,12,10.161442969698893,0.7989571587180594,12.603901134746987,15.843890084810532,0.2007208936970033,31.60836217420848,-6.523941894162214,-11.30800128535339,1,287.60209994995967
v612,baseline,13,11.223263746431746,1.2000702167388764,28.623639101841803,6.976570082799169,0.454344920370718,13.91816988949408,7.531989143719087,10.827083696821045,1,288.1690435470082
v612,baseline,14,10.739042729506417,1.0681756562435878,21.01706717763775,9.501555213718218,0.3465335821711945,18.955483584259905,-3.8299475025124674,-15.350157919651632,1,288.14265376189724
v612,baseline,15,11.750595963454316,1.1492119832936227,21.626736723925926,9.233701171283283,0.3781919132050121,18.421118126169155,8.66329290517483,11.094165132556016,1,287.19092256901786
v612,candidate,0,9.633263328177613,1.1253787091873866,16.35122855582548,12.212833031901104,0.3220256642484384,24.364448855622253,5.7590417547587975,4.72550745512097,1,292.6403599656187
v612,candidate,1,9.81978428877769,1.1128687659450254,12.190777436249592,16.380811253673805,0.2749642617583549,32.67951317775526,-1.6876720950009032,-10.095241582163704,1,287.89333884604275
v612,candidate,2,9.587381640132822,0.93186183511832,12.30021102702872,16.23507302272593,0.23127271680807554,32.388767233307874,0.17510464022611083,4.455141053963633,1,287.8132094866596
v612,candidate,3,9.41454695400071,1.1265297414517057,18.286027855732936,10.920623428676599,0.3408936771855603,21.786506890292163,-6.719253436371788,-19.45320766201026,1,287.6928949980065
v612,candidate,4,9.273774745721402,0.9192669055734234,17.88719538019744,11.164121595039331,0.2751245507540926,22.272282680830344,-7.537782683116022,-9.676732733751702,1,287.812453342136
v612,candidate,5,9.481948531067449,0.8405957583342213,11.568387503522585,17.262114029111036,0.2023206462954715,34.437701170858105,1.7857673526308906,5.9091924475454,1,288.0734614217654
v612,candidate,6,9.898706360342494,1.2682012392576798,21.579909550664144,9.253737776329288,0.4168977765286364,18.461090902150662,9.699272396335882,10.536603456444752,1,287.76731171412393
v612,candidate,7,9.32943033590523,1.0579624440670377,29.81374389840416,6.698079412610741,0.4087851447080472,13.36258449232619,-11.895175858030264,-25.327546451052598,0,287.57479297509417
v612,candidate,8,9.755217698790089,0.9620623172780682,12.016621105369598,16.618217589428433,0.23599944611793053,33.15313584256901,2.102217497177289,-1.860185830907729,1,287.6923673702404
v612,candidate,9,9.726940897488248,0.9446477819265438,12.072350710431236,16.541502894395016,0.23226428101208157,33.000090987314366,2.687062219287088,6.785259170593779,1,287.71351317781955
v612,candidate,10,9.378403772085539,0.8341580281041102,17.229701564510396,11.590149920534888,0.24502128155127315,23.12220385149316,-2.9759648891427903,1.472238442703637,1,287.63082999084145
v612,candidate,11,10.091134628394558,0.8702555072736998,11.055682115096149,18.062641647960707,0.20476519881828306,36.03474373878878,-4.02803036769423,-9.038133453997744,1,288.00402630725875
v612,candidate,12,9.73050751216159,1.183148817034244,19.591096369557263,10.193141846265283,0.37058286958024855,20.335190249692143,13.077525156564542,22.02560453724233,0,287.8410822330043
v612,candidate,13,9.020401044694601,0.8622220792874686,26.460050708821964,7.547031047531982,0.3138564596362331,15.056232365502401,-11.230700406614641,-16.93874324065152,1,287.5869912332855
v612,candidate,14,9.42901397844261,0.9028370451121458,16.803461372352984,11.884148140293954,0.261893875445815,23.708726615724277,-0.9461867959189868,1.1390953632022267,1,287.1177187426947
v612,candidate,15,9.372614390054686,0.7329445865325733,13.319795227695957,14.992334401922557,0.1892938530232148,29.909519257970814,-2.991649480114116,-3.4012548286105853,1,287.1032404792495
z16,baseline,0,10.417993520654534,0.6732815972332141,7.813927658425447,25.55626734058985,0.13318276677290716,50.984433090500055,-3.331728149728015,-3.526400919212394,1,120.30247763870284
z16,baseline,1,11.244577310112218,1.0454141226931803,15.83309563333842,12.612494034222175,0.2943661554733673,25.161767546969553,-5.852872105487391,-6.283301229465203,1,107.6905292966403
z16,baseline,2,10.81033177266003,0.9266400289856332,9.10767610110696,21.925990999447027,0.19789345969478822,43.742077282104844,4.8620989983344405,3.021804628361889,1,107.69475537864491
z16,baseline,3,10.48189090807548,0.9644214094931908,9.059593028413072,22.0423614606593,0.20541766247752183,43.97423489394688,4.217897048346215,9.278882276288604,1,107.90060958592221
z16,candidate,0,9.846532861959911,1.2865427358952894,43.35579165850542,4.6059549734821745,0.5994657470879632,9.188822453362935,-16.57474363814259,-36.5690245842309,0,111.87292470689863
z16,candidate,1,9.827433570016515,0.7149751679893726,8.086637391980148,24.69442050373071,0.14387705471861884,49.26505945105175,-0.20228287406794798,0.6579962417248681,1,107.86791193904355
z16,candidate,2,9.934883110786297,0.9588555496233367,12.391253956952434,16.115788193228504,0.23885119075522798,32.15079549325787,-5.947570664240608,-2.4834832285997828,1,107.70676719909534
z16,candidate,3,9.428854414801645,1.1653116794378642,29.58457877936025,6.7499634085737785,0.44852989027333506,13.466092414097062,12.889077345509707,27.203011894644064,0,107.76498608617112
z32,baseline,0,11.46127574659529,1.1900943732569351,11.616692865847893,17.190333473120916,0.28703790465006085,34.29449986116354,-4.776489935453258,-3.1960074534053935,1,236.64588946802542
z32,baseline,1,11.467090100095016,1.5688537361564667,18.62031385500281,10.724568112749454,0.4790629124075613,21.395378991851043,-2.72559086430896,-12.784696824102117,1,223.26291241683066
z32,baseline,2,11.779927897485264,1.1625988641121916,10.53413573136324,18.956925305623262,0.267021323929933,37.81882842926345,4.671022973739853,12.475204029837208,1,223.1520052747801
z32,baseline,3,11.701825975359853,1.1861211033376533,33.09050884769597,6.0348066914859295,0.48283345169684766,12.039363725370425,11.202759107853181,19.131699302025375,1,223.2106671789661
z32,candidate,0,9.950755297364925,0.9081319688909071,8.348352401828304,23.920267689588243,0.18568035023633717,47.72063428800061,5.303843069188315,7.973911937196931,1,228.2759077399969
z32,candidate,1,10.357461701658373,1.2053584040451137,31.039031180028253,6.433668082631445,0.47521142616267825,12.835087202442681,-8.858041866858935,-11.019184274018247,1,223.36050410801545
z32,candidate,2,9.926038670365983,1.0379004989961202,25.650083281674288,7.785347986040343,0.3719775298518078,15.531671671398781,-7.141563542187262,-17.813413001433,1,223.5184602350928
z32,candidate,3,10.364298205935219,1.1229761380732242,13.158045898045374,15.176632287657139,0.2882589645057589,30.277191230513992,1.6336559148674379,-2.5941820380301746,1,223.24817820778117
