time,baseline_mean,baseline_sem,candidate_mean,candidate_sem
0.05000000074505806,6.868394411526106e-08,1.7835875672132823e-09,6.368035710328101e-08,1.6621890259136951e-09
5.05000114440918,6.696780513625904e-07,4.483378296666169e-08,6.110584007550446e-07,4.240147974698293e-08
10.050020217895508,7.182658120664993e-07,5.3043796843270344e-08,5.864436951406773e-07,4.650292601141243e-08
15.050039291381836,1.2245334815330068e-06,1.0495426251915967e-07,9.02702875802815e-07,8.993939820547951e-08
20.04998016357422,2.282600647377002e-06,2.1838425509654765e-07,1.5609443596818408e-06,1.754458809123344e-07
25.049903869628906,4.241671442130011e-06,4.1354368459438267e-07,2.62607506638368e-06,2.9628763625090335e-07
30.049827575683594,8.108998634962912e-06,8.265739348848543e-07,4.510386783255474e-06,5.288814489525905e-07
35.04975128173828,1.5900932444706558e-05,1.6965186863022118e-06,7.916028105466125e-06,9.565270887534893e-07
40.04967498779297,3.120402881786924e-05,3.397082095039822e-06,1.3708684368015002e-05,1.6439962290318057e-06
45.049598693847656,6.160819099362061e-05,6.829685763033373e-06,2.381390099649642e-05,2.8219385546987424e-06
50.049522399902344,0.00012234136633230863,1.376915277178894e-05,4.155069563512021e-05,4.828816772922518e-06
55.04944610595703,0.00024432016387104094,2.7805984973930332e-05,7.272964459756417e-05,8.231828062581647e-06
60.04936981201172,0.0004914759472451528,5.662219505820098e-05,0.00012805647729230104,1.4204394783515538e-05
65.04936981201172,0.0009961726225215385,0.00011606062210109797,0.00022781781141469897,2.4998692499837388e-05
70.04967498779297,0.002031375203005721,0.00023905002806105243,0.00040917591875914587,4.478230213107021e-05
75.04998016357422,0.00416269520294098,0.0004944485187462996,0.00074132207698231,8.162423331001118e-05
80.05028533935547,0.00856321973123784,0.0010258177673419463,0.0013545505126207936,0.0001511007748713078
85.05059051513672,0.01766345758705871,0.0021322620349028005,0.002493336021227228,0.0002828070695426841
90.05089569091797,0.03649926077619254,0.004436959129750492,0.004617296340511888,0.0005334860013136944
95.05120086669922,0.07550194052636733,0.009236316727923742,0.008595155318381164,0.0010121462892846373
100.05150604248047,0.15626217440679988,0.01922488814821228,0.01606926320207064,0.0019272564451094112
105.05181121826172,0.32343102164182286,0.03999777928087389,0.030147105629470233,0.003678081615159558
110.05211639404297,0.6691963685467536,0.0831441700189081,0.05672087496453351,0.00702953212474434
115.05242156982422,1.3831885236455592,0.1725442334181332,0.1069644756849618,0.013443756442639553
120.05272674560547,2.85228135020647,0.35680649493760513,0.2020633140289497,0.025713750308164734
125.05303192138672,5.85208589461734,0.7323223222334632,0.38219772085319376,0.0491800850853199
130.05332946777344,11.886074205292543,1.481204266949185,0.7236975942419,0.09410362552970536
135.0536346435547,23.604540428523563,2.893978635948093,1.3720563629774067,0.18032596193538586
140.05393981933594,42.31331215550342,4.552795371816323,2.603473934118956,0.3455197418066707
145.0542449951172,51.092788030339904,4.195829099014,4.928922699972783,0.6568048802776902
150.05455017089844,53.74966085038506,4.96074547431829,9.286977116772492,1.2365307241463277
155.0548553466797,47.89724444645655,6.386173387358268,17.36194518144376,2.297221277015166
160.05516052246094,32.79199294603979,4.217673442719397,31.828189192888996,4.135427858155249
165.0554656982422,23.213738466424417,1.8837909161504443,53.288077915727,6.316702398180682
170.05577087402344,18.722119716584285,1.1059096464128046,66.13044215598649,6.814827928196529
175.0560760498047,15.843447422028369,0.7303277543537396,56.76985099899687,7.290264834925822
180.05638122558594,14.232162193285752,0.5340407484272252,43.082610012850544,7.180490044558633
185.0566864013672,12.789459903291887,0.41417423389186414,26.24410630420675,2.155933825608527
190.05699157714844,12.05322643886703,0.31849059769535665,19.835940018866204,1.3197248375844846
195.0572967529297,11.5900764849172,0.29538946353493134,15.80211983669988,0.8947014293694473
200.05760192871094,11.308354513194933,0.26564298349255516,13.324177317086566,0.584870636808444
205.0579071044922,10.971472764862925,0.25436196359868435,11.221444147277142,0.33570857030435713
210.05821228027344,10.83639887236429,0.1563728169974592,10.367692063937794,0.31046586634434825
215.0585174560547,10.918480886642056,0.18440268086465225,9.774513961344903,0.25879954398856686
220.05882263183594,10.816916871401995,0.2172694231767383,9.350498556226835,0.2184859350007663
225.0591278076172,10.71275483578303,0.2553375159217027,9.154147032266568,0.20076577194980338
230.05943298339844,10.71030033167858,0.23753617462317403,8.986111093784809,0.2045587208917919
235.0597381591797,10.943258729511692,0.22559992289752434,9.090813249341057,0.2187652999217139
240.06004333496094,11.05115689910621,0.22365308346077353,9.220880430505341,0.20850229343454785
245.0603485107422,10.885097499264104,0.18267187545283153,9.18344273442552,0.1949263005118831
250.06065368652344,11.039070983388825,0.2332946877437108,9.057381292897416,0.17661462360863858
255.0609588623047,11.085940144571913,0.23506938715936238,9.170590299701585,0.18761071237298235
260.0600280761719,10.998860149498109,0.1348718193816294,9.103879598960752,0.16878469082347095
265.0588073730469,11.00417176891249,0.12222487563786125,9.34065129114032,0.18558501477311107
270.0575866699219,11.067458420780392,0.1733631243794985,9.363053510586669,0.2085229775057433
275.0563659667969,11.078092168404561,0.19665869874601605,9.203980398501983,0.21735455429022804
280.0551452636719,11.027854084603879,0.21855609552494554,9.289681314508128,0.18488030067644623
285.0539245605469,11.108981268367936,0.20874456867291372,9.301288350687441,0.22117818644125534
290.0527038574219,11.109008649638357,0.23451144942110722,9.398255096297836,0.22006828214962043
295.0514831542969,11.159964959205945,0.3010229766604638,9.574406989453804,0.2178142465935142
300.0502624511719,11.096544497874909,0.2575835084791327,9.627309316258811,0.2501931241508321
305.0490417480469,10.7894897838991,0.2055718892744633,9.906291883261893,0.2299725966284373
310.0478210449219,10.850070385385111,0.1540193659343162,10.004183943571554,0.22319567309844307
315.0466003417969,10.719383575041327,0.18036786885799444,9.928499196532735,0.20837275582414716
320.0453796386719,10.840853401087656,0.21157732554548014,9.96305422620277,0.2202432034100336
325.0441589355469,10.769414817931874,0.22168483956877164,9.853137274349825,0.23430570381460353
330.0429382324219,10.859870787867012,0.2683502055350937,9.754899746863787,0.22149163225180438
335.0417175292969,10.911642003300962,0.28861189075107097,9.71740119555403,0.22482414028662515
340.0404968261719,11.07048413186084,0.2836344792665664,9.668350543501266,0.22603156802089283
345.0392761230469,11.192620519374119,0.27293973390343496,9.574991385973721,0.20598658991620458
350.0380554199219,11.111736818653194,0.23386381278200166,9.442761035521752,0.1753377497904936
355.0368347167969,11.503052044476936,0.3143200207919161,9.597034247364704,0.2449717018758751
360.0356140136719,11.642238197394173,0.3155046794173353,9.72079968043277,0.2453421258112818
365.0343933105469,11.3694704845034,0.3072570297887785,9.720740226713557,0.23037667471520498
370.0331726074219,11.230691392917741,0.24722289059323266,9.79974163494908,0.21858099684426174
375.0319519042969,11.20100986560207,0.26685678324941653,9.810864954204181,0.2125777787344689
380.0307312011719,11.216720407776117,0.2720067361913823,9.608068439919057,0.20386491405628215
385.0295104980469,11.009528986708688,0.23008602388204732,9.432262430776786,0.23388258816140312
390.0282897949219,10.952027938371629,0.18071439527958844,9.520774600660026,0.20699430217941436
395.0270690917969,11.020475384734125,0.2228233261589968,9.33340528222015,0.2105350112692831
400.0258483886719,11.200534756317735,0.2596481159441366,9.34258856839123,0.16539408646461484
405.0246276855469,11.142127455211996,0.25811497430367514,9.41908327294833,0.15055974081739604
410.0234069824219,11.104266250033929,0.29373322614107567,9.514644362335654,0.20731703955877187
415.0221862792969,11.187052664376322,0.2976552546813792,9.54126978863445,0.2134087565895925
420.0209655761719,11.068530779960428,0.24035696444231375,9.740432019365798,0.22301078744457556
425.0197448730469,11.198518823197446,0.28722328290990734,9.753470130771035,0.22577022714522882
430.0185241699219,11.187325877088627,0.2876299599925139,9.694225912365093,0.18081335431803536
435.0173034667969,11.26300580251091,0.21755148194927107,9.650309670343306,0.2061094752782674
440.0160827636719,11.307830095411632,0.19491351305423457,9.443071043969132,0.2232423291574644
445.0148620605469,11.292738268128403,0.2094810945360817,9.714410880972723,0.21820285626979635
450.0136413574219,11.223915925582075,0.23451997881085113,9.688825643936486,0.24745346153146713
455.0124206542969,11.031140022042841,0.2092563419026741,9.735341569530854,0.2482415572392797
460.0111999511719,11.205119663624657,0.2757447833001865,9.679786589087728,0.2585344642291806
465.0099792480469,11.260172545798243,0.2819542214957011,9.464876774326738,0.23514328369157864
470.0087585449219,10.995215541099078,0.30698110385971344,9.412488450715099,0.21968865274674354
475.0075378417969,11.32055899986483,0.3211195431794128,9.776181441611355,0.20450586812873994
480.0063171386719,11.348890879028465,0.31584782701007114,9.897484207593427,0.21981784300936727
485.0050964355469,11.456670435199717,0.34146957284981255,9.809117935942153,0.21598182395370086
490.0038757324219,11.494512188600387,0.2434780195851801,9.630182074033831,0.2227261391304431
495.0026550292969,11.39670869826076,0.17265262230911502,9.508963659428355,0.2398524616620069
500.0014343261719,11.39668715211505,0.17424697394904892,9.502171662152753,0.231103606754396
505.0002136230469,11.444449558284548,0.23953495354252563,9.626846941900574,0.23528293805829767
509.9989929199219,11.410680151737266,0.2590599259109907,9.769462922398654,0.23211110865289145
514.997802734375,11.311168229340765,0.1673671489744427,9.811439394253695,0.2523634226439508
519.99658203125,11.520667720103505,0.1592289836969826,9.642636029841592,0.2640644208074658
524.995361328125,11.422809070595738,0.16198335262955849,9.672121963015917,0.26662039017269773
529.994140625,11.443592613999732,0.17245250750818003,9.604476014799957,0.2188206397799713
534.992919921875,11.42642868739729,0.16180742922759644,9.56118673265964,0.2255360920363977
539.99169921875,11.47053853115417,0.17090957977626114,9.533079059676709,0.23905546226176896
544.990478515625,11.743970847560986,0.1935516852332328,9.688024371253173,0.25437159184637087
549.9892578125,11.456070418148846,0.2441556253837496,9.830433228122613,0.3018446229714431
554.988037109375,11.41410881285998,0.209900161090521,9.752290489900158,0.2707618976988499
559.98681640625,11.115115107456084,0.17690656735841523,9.739415391156628,0.24607242552178157
564.985595703125,11.158090879506233,0.17188325500747317,9.642464573200046,0.22829762655128558
569.984375,11.007230195374312,0.1854506906168904,9.779151884436931,0.2010179475228624
574.983154296875,10.975000976925095,0.22137373781673886,9.724498836880873,0.18460598462823088
579.98193359375,11.161963430151571,0.23239915453240773,9.881037779517467,0.20483567411007958
584.980712890625,11.275045013503194,0.2930627891939731,9.770779450378134,0.20170870576991584
589.9794921875,11.399358864666036,0.29372389682001215,9.675481809676869,0.17669407258350442
594.978271484375,11.591764704053071,0.2478015568504586,9.535922243085787,0.16359993888177546
599.97705078125,11.580016854445367,0.24457347175873492,9.607995610618918,0.20803474159665036
604.975830078125,11.54901894014066,0.2520601185174184,9.636845479156932,0.24390929670558842
609.974609375,11.587133290734647,0.2545148034248455,9.824765996806947,0.2192056076047797
614.973388671875,11.62325906406168,0.2400817121300862,9.919431480544894,0.22887507147101507
619.97216796875,11.618168655346764,0.30890748575314525,9.941920261000687,0.20758904720773033
624.970947265625,11.43077856151475,0.28226489912976527,9.984417834656526,0.20677647321120368
629.9697265625,11.124391076646218,0.265506731176496,10.090255661842992,0.24404333432643188
634.968505859375,11.264555104693493,0.28308194023992256,9.82884599814732,0.22536680411381382
639.96728515625,11.44216841886889,0.34717067979629535,9.544420588339595,0.20454497827261528
644.966064453125,11.465436973918495,0.30006920805546605,9.714110307269893,0.2591789134358059
649.96484375,11.236047908069013,0.2497061763070693,9.663975248503235,0.26347719327250196
654.963623046875,11.287763031629153,0.23367745414965152,9.58897535695606,0.214534690300989
659.96240234375,11.05038332760494,0.20826227623372387,9.7108646655365,0.21514578341500412
664.961181640625,10.847534239833854,0.22283465076348097,9.799970443273073,0.18637702428432554
669.9599609375,11.018444750323711,0.18375946001506974,9.793683557432372,0.1787716111857648
674.958740234375,11.319151810607769,0.23840131382716667,9.75872497451234,0.17674801738463644
679.95751953125,11.266642526339675,0.2919109405813205,9.839764174626419,0.17805294591360318
684.956298828125,10.916394100349576,0.29090490968308047,9.991174460020977,0.23309058013653267
689.955078125,10.850082477930933,0.27343183726996806,9.811300740449994,0.26006847544515654
694.953857421875,10.899559307560429,0.23837593155106065,9.618670215312124,0.2303024080234347
699.95263671875,10.788165461446724,0.22272119205946309,9.685888094489052,0.2466683366332953
704.951416015625,10.82742422639422,0.2015375690137959,9.697979864097826,0.1742460568944787
709.9501953125,10.922164083604232,0.21179745359847754,9.816369874376587,0.13581654151587852
714.948974609375,10.758650953407157,0.17988716835367136,9.736546886862797,0.13311177326633447
719.94775390625,10.873423106366529,0.18500326913757328,9.776553209347226,0.15221797030097908
724.946533203125,10.686562104640847,0.196104899673912,9.956878321787094,0.148385713674661
729.9453125,10.835477786741981,0.21569651569450043,9.868650759345483,0.17816213389310656
734.944091796875,10.883309274605717,0.24093282430252347,10.011555318360212,0.23623355667183335
739.94287109375,11.094419360959542,0.25999121045590573,9.989139985803615,0.25942086492115607
744.941650390625,11.247202128334544,0.30494037287948,9.88811774559656,0.2509856674307558
749.9404296875,11.350734991587004,0.29036413167745145,9.967662519732476,0.2105611660852535
754.939208984375,11.287974283465772,0.27132027985058377,9.844987541207317,0.18197171512126392
759.93798828125,11.4234075390186,0.27565554508602624,9.690620079680125,0.17055248618461913
764.936767578125,11.244120013662277,0.23403085143262586,9.750885866587382,0.20014121938813254
769.935546875,11.182555959709807,0.2259413156325193,9.663189021696539,0.19789939959954428
774.934326171875,11.200034637517414,0.2499857661817006,9.567322655759016,0.15352942519150692
779.93310546875,11.098462760411875,0.2503949806623129,9.677180060318387,0.18500404200995177
784.931884765625,11.006040512368102,0.22038268733139815,9.649494178008327,0.12349763114217663
789.9306640625,11.072571490172107,0.2357611474381611,9.844259286698978,0.16737829488906955
794.929443359375,11.193970007803154,0.22289021865475117,9.591904151306062,0.1944221468592826
799.92822265625,11.229999808281578,0.24252073219781026,9.603320514874067,0.1817404917581954
804.927001953125,11.305729308028246,0.2175161275366551,9.794772245201447,0.15841247775192296
809.92578125,11.380316037371879,0.23275976956504468,9.917638543330126,0.20996760082756452
814.924560546875,11.360677803533045,0.25581204492524295,9.772009239717747,0.1691715238992475
819.92333984375,11.290804962237166,0.2630486431182575,9.794955163673531,0.14724081725593507
824.922119140625,11.114143587104287,0.26864645107718266,9.695544067859005,0.1588799341575063
829.9208984375,11.228890999849355,0.2235314819350539,9.611615735713334,0.17578674885422976
834.919677734375,11.253271157543963,0.21914210019040214,9.501063675886149,0.18264496735551017
839.91845703125,10.996662892002218,0.19868826594874872,9.6541426859825,0.14359954774531286
844.917236328125,11.156678350891339,0.24320421138156176,9.577963641846035,0.17300802827760617
849.916015625,11.223478277835206,0.2062193267506085,9.840756972448505,0.16547258471827464
854.914794921875,11.221548392834174,0.21644782479062474,9.999522061281485,0.16851424478750043
859.91357421875,11.105066621076402,0.2189579873927014,9.998368135572727,0.17553692358809442
864.912353515625,11.29876677485651,0.2348376750454206,10.022181127391272,0.1739611029742121
869.9111328125,11.289265947008063,0.21000551379647706,9.845047701472478,0.17981926070356155
874.909912109375,11.28745749688028,0.24106257812629173,9.840413258709896,0.18217313312360384
879.90869140625,11.420985183301918,0.27348031310949034,9.603402088340149,0.1578848871105401
884.907470703125,11.4524428002436,0.299255669009255,9.716849153655215,0.15425235868217801
889.90625,11.358751269740488,0.3079342232480057,9.633924784314052,0.17674355437299663
894.905029296875,11.53834210833112,0.3312173014270858,9.525073848529457,0.20205489679242494
899.90380859375,11.390585930777474,0.3136825317986072,9.670144728745354,0.19500927180037644
904.902587890625,11.287785829951822,0.3346993455227392,9.528780290215073,0.19083155630156148
909.9013671875,11.250431289648036,0.27920952613752487,9.46402827059921,0.1951230608871874
914.900146484375,11.370359132156075,0.2366652010671455,9.41044975855434,0.17891579782910094
919.89892578125,11.265836330754476,0.22703996917304559,9.546754224866431,0.19484352289757909
924.897705078125,11.014485883825346,0.21427466786220842,9.601952840147186,0.16734431152997506
929.896484375,10.773547839716771,0.1847457254737131,9.623494249091861,0.20694219068337347
934.895263671875,10.815837710746832,0.24772125840748704,9.572306978741707,0.22660535754733735
939.89404296875,10.964419224206777,0.21475292004931382,9.500271693151419,0.21592616827210162
944.892822265625,11.039126380368131,0.2313426996181874,9.683104390334892,0.1685812906201325
949.8916015625,10.90490652869982,0.23352148107172577,9.674784815810975,0.2017258178292529
954.890380859375,10.875357715790095,0.22620453807150592,9.886232403425891,0.23386036330524562
959.88916015625,10.913519001907744,0.22644296623022442,10.044054603798465,0.22078686801485353
964.887939453125,11.117736680800393,0.24698104632372525,9.839724913542579,0.1946958622004162
969.88671875,11.046048298043623,0.2567313403497888,9.892755528121397,0.17464980586572282
974.885498046875,11.083126567985387,0.22149423367648857,9.76606509181126,0.17176661758708542
979.88427734375,11.299989923010857,0.2889739981240146,9.677973275746197,0.20193993551696512
984.883056640625,11.344903034047135,0.24807405107788508,9.766598227944296,0.2417605708536403
989.8818359375,11.42976322385738,0.2803192665773694,9.757695201426484,0.25183018285108133
994.880615234375,11.465048716784958,0.3074346108703534,9.728399977087859,0.25898976864944173
999.87939453125,11.507845638720491,0.3142907169100601,9.669750194650081,0.22925345005884726
1004.878173828125,11.474286002228775,0.29503417804526283,9.725479483677619,0.17697547890987655
1009.876953125,11.449751821486066,0.3024353052867626,9.890626048863338,0.18783108164627288
1014.875732421875,11.397972708952501,0.29988563250925365,10.005263536011899,0.2385977623842092
1019.87451171875,11.550953807449991,0.3076268832963034,9.949757669033945,0.22359061706356217
1024.8743896484375,11.514616589512066,0.30047351422232405,9.751516519948503,0.22014869552548683
1029.8792724609375,11.70174528682576,0.2776780369559703,9.824954347651369,0.20948496085952947
1034.8841552734375,11.630726429445525,0.2841637230662107,9.871286388588123,0.19776348078923467
1039.8890380859375,11.68992666243515,0.2782415214749162,9.77489674187705,0.16198828838464888
1044.8939208984375,11.631531031528757,0.25987785175930694,9.776909872076226,0.18377127403107615
1049.8988037109375,11.659489346037224,0.2560079764789217,9.833440891550104,0.21494966848553193
1054.9036865234375,11.775536029071219,0.21494338257371415,9.929970499485963,0.2202762786765231
1059.9085693359375,11.637947119768361,0.22947922908976073,9.770214910140357,0.2057004086293066
1064.9134521484375,11.647001066959277,0.2592206940187645,9.649063883383729,0.20000650171808426
1069.9183349609375,11.519460594529962,0.2632990013676847,9.646446917474162,0.18162200625073785
1074.9232177734375,11.28066319409024,0.27717752523029604,9.662236909890828,0.19144496228431673
1079.9281005859375,11.076628049459456,0.2721176194904204,9.490916224705286,0.19067602453203053
1084.9329833984375,11.370271132861042,0.2595724598768289,9.535188189844591,0.227836692054846
1089.9378662109375,11.257014501870303,0.23076188656484897,9.488953105191092,0.2570873261490759
1094.9427490234375,11.462321415786272,0.2308858052460034,9.505502479708284,0.28277130039372567
1099.9476318359375,11.634492453238972,0.26093300577123674,9.665844377271496,0.23219348308816412
1104.9525146484375,11.462146661967274,0.26337064720077574,9.521040647216706,0.21968498586876184
1109.9573974609375,11.253451967031744,0.2663254209740939,9.604730892523357,0.20679407807125963
1114.9622802734375,10.981514041761342,0.2500412805713091,9.545520144909863,0.23925406926800843
1119.9671630859375,11.00541618770846,0.19813200975761677,9.75150488384815,0.24738941481315965
1124.9720458984375,11.04572154023915,0.2096143282680489,9.763381732178932,0.2567168141774254
1129.9769287109375,10.99076392478577,0.1981134383986558,9.529361137985616,0.25134765705933243
1134.9818115234375,11.205399044607992,0.2997992716663893,9.756445325102222,0.20022469958728223
1139.9866943359375,11.35945267614413,0.24137292383864636,9.82304593458511,0.17208005210522231
1144.9915771484375,11.391171480095032,0.23849966129352584,9.853198579453258,0.21254698018123186
1149.9964599609375,11.422435376190604,0.22825085542812296,9.706066513520335,0.26727619334170155
1155.0013427734375,11.203461821639001,0.2532015822840518,9.85656770467798,0.262565587794682
1160.0062255859375,11.11681147949593,0.24058256753487045,9.755357266719214,0.2806045235077999
1165.0111083984375,10.980928526642941,0.17386461988348068,9.678678172948253,0.2757205503256511
1170.0159912109375,10.673316258212322,0.20816000521718578,9.516046129275948,0.2395385144558596
1175.0208740234375,10.724568692020346,0.2195446459510616,9.350072996265384,0.2017170367725433
1180.0257568359375,10.759789360125147,0.19524746726119563,9.576178794369005,0.2092581863853436
1185.0306396484375,10.792482433784478,0.24158338294000756,9.636476015691185,0.20170177037538312
1190.0355224609375,10.957639182764007,0.23772739317318578,9.659364660757948,0.19794868241617553
1195.0404052734375,10.865522943083102,0.22944965755063954,9.830780559365165,0.20413661936438052
1200.0452880859375,11.100282257132164,0.2624527441015143,9.95367443390242,0.20083736234011787
1205.0501708984375,11.018263230130193,0.24826468514000447,10.041388874616166,0.2004340504632516
1210.0550537109375,11.220151842095632,0.22317973681091965,10.071207186692554,0.28584331973782806
1215.0599365234375,11.052265165359541,0.19961116786420643,10.062147564125977,0.27634767396207743
1220.0648193359375,10.957200538074877,0.22094673863413816,9.870524945397117,0.23305895857389733
1225.0697021484375,11.01922312814582,0.20796464678328253,9.669772380354393,0.22537939719817032
1230.0745849609375,11.108415120203377,0.18819559161656385,9.680077934194987,0.23198765259649345
1235.0794677734375,11.409955786084744,0.20761363917960352,9.789295241259742,0.18803957440387276
1240.0843505859375,11.278556500558652,0.2449858256404066,9.76719189789248,0.20516716113322858
1245.0892333984375,11.165567206362114,0.2001461225719873,9.802524603768402,0.1817929544358334
1250.0941162109375,11.12077728623924,0.1931750804139859,9.737726663819782,0.14884087036766921
1255.0989990234375,10.96529716711772,0.21845306082852992,9.959461853229445,0.187317507759698
1260.1038818359375,11.105150599180577,0.23344598330885588,10.149561932988581,0.20240193490920427
1265.1087646484375,11.169630628985894,0.26943530840905755,10.26744411654866,0.245195574126407
1270.1136474609375,11.14006967780363,0.2509918952797931,10.230129819403084,0.25651685747782094
1275.1185302734375,11.160322832473854,0.3237240780427699,10.286602079114322,0.2663100580801308
1280.1234130859375,11.109708812897452,0.25712676175043,10.544087664062696,0.2677358432326253
1285.1282958984375,11.187905419305338,0.27448826063178605,10.322448107754239,0.22103085212058354
1290.1331787109375,11.045683106332556,0.29562888232147366,10.269515259165933,0.2458945595872795
1295.1380615234375,11.059200946512583,0.3093515945912303,10.095462255874212,0.2504641094947414
1300.1429443359375,11.258510450555276,0.3195325122446149,10.030515202509346,0.2442946209514418
1305.1478271484375,11.243480572396253,0.2900665454299032,9.836837324000193,0.22433518428883545
1310.1527099609375,11.232865246459992,0.2546299170048282,9.69487077263277,0.18955062352826266
1315.1575927734375,11.107320065255927,0.2643925168914804,9.850866160289405,0.21711429162181925
1320.1624755859375,11.258362821736126,0.29941739773118664,9.795806520313898,0.25164529054173007
1325.1673583984375,11.046668612067654,0.272220472241541,9.793295828227926,0.22980800220628766
1330.1722412109375,11.022389819896196,0.28061390074701975,9.895805896499512,0.25315469590924555
1335.1771240234375,10.85837411671286,0.30546623993892114,9.668323538185268,0.21225153114348277
1340.1820068359375,10.880637633051704,0.3221963534975395,9.787576001362662,0.2426553258437539
1345.1868896484375,10.66086102242607,0.2695169060657839,9.904465999482532,0.2766172063148446
1350.1917724609375,10.732911307866324,0.2582537940252583,10.092259094305987,0.2901155336237666
1355.1966552734375,10.96333028029089,0.2515211815028081,9.91531315757711,0.24743490821996564
1360.2015380859375,11.065982908704946,0.21258841336938383,10.01443268087493,0.24372293010803522
1365.2064208984375,11.20889371801966,0.22596116152763523,9.885765541254917,0.24905517686641943
1370.2113037109375,11.204022903589367,0.22371407389484274,9.575933391071532,0.21998535198277033
1375.2161865234375,11.552266263638918,0.26433734509532786,9.487937279302528,0.1940773288393058
1380.2210693359375,11.139053931867517,0.257404609603489,9.724252083776493,0.2075686755583362
1385.2259521484375,11.332953063230496,0.28436743053286084,9.725205076918757,0.18772988323666395
1390.2308349609375,11.50674888422437,0.2958665461857012,9.62549363084854,0.2019893492806487
1395.2357177734375,11.316351875335707,0.2743702900531977,9.542169612566443,0.1661245991239615
1400.2406005859375,11.325296054523031,0.2467538052876988,9.636737624588184,0.1581646850417187
1405.2454833984375,11.599262538882314,0.24008320376273246,9.742372853276683,0.15769497563677604
1410.2503662109375,11.202380578820494,0.29991702039044554,9.717280217584422,0.14013330503754334
1415.2552490234375,11.289509764464883,0.31923870077025374,9.79408295309921,0.1495242307198804
1420.2601318359375,11.33072548693603,0.3009223162698859,9.729929963108747,0.1846951350119645
1425.2650146484375,11.228529321008459,0.30324503872535197,9.638379606414682,0.20405587116600693
1430.2698974609375,11.2932795831032,0.30343482266510796,9.686042172462791,0.19151937821699133
1435.2747802734375,10.9950616627062,0.2731016867998089,9.752083584059065,0.2133950798151344
1440.2796630859375,11.027293919251997,0.23760390496969344,9.622641610077078,0.2136934863090236
1445.2845458984375,11.007526635567919,0.24209701711570658,9.622869739262907,0.20460974555148917
1450.2894287109375,11.113008426326909,0.25296557239393735,9.67011509599228,0.23948714738240864
1455.2943115234375,11.13076183760753,0.24496450435307857,9.560107056321106,0.19053184050473893
1460.2991943359375,11.257635996109213,0.2397085772764609,9.674032229346965,0.22355469684106383
1465.3040771484375,11.308552223203707,0.21879924055117567,9.762415280538901,0.23368229568608925
1470.3089599609375,11.388198764902569,0.2154708047870102,9.537717992234322,0.23233643075178467
1475.3138427734375,11.576837376061377,0.24014656291180086,9.585945961586825,0.24355564910397268
1480.3187255859375,11.48791368269494,0.2304562967289155,9.492167076725801,0.22566019786109617
1485.3236083984375,11.582870972418661,0.28562063696794826,9.43917597641832,0.20633548308439098
1490.3284912109375,11.700773727226805,0.27605164627497075,9.546515676285736,0.19797886834621925
1495.3333740234375,11.629551694871305,0.23036758588311607,9.622740618267917,0.22062690222598358
1500.2882080078125,11.736187861605067,0.26224664098170547,9.673824629270536,0.23365787391392998
